German_Headword,YouGlish_Link
ab,https://youglish.com/pronounce/ab/german
aber,https://youglish.com/pronounce/aber/german
"abgeben | gibt ab, gab ab, hat abgegeben",https://youglish.com/pronounce/abgeben/german
abholen,https://youglish.com/pronounce/abholen/german
"abschließen | schließt ab, schloss ab, hat abgeschlossen",https://youglish.com/pronounce/abschließen/german
die Achtung (kein Pl.),https://youglish.com/pronounce/Achtung/german
"die Adresse, -n",https://youglish.com/pronounce/Adresse/german
"die Ahnung, -en",https://youglish.com/pronounce/Ahnung/german
aktiv,https://youglish.com/pronounce/aktiv/german
aktuell,https://youglish.com/pronounce/aktuell/german
all-,https://youglish.com/pronounce/all/german
allein,https://youglish.com/pronounce/allein/german
als,https://youglish.com/pronounce/als/german
also,https://youglish.com/pronounce/also/german
"alt (älter, am ältesten)",https://youglish.com/pronounce/alt/german
das Alter (kein Pl.),https://youglish.com/pronounce/Alter/german
"die Ampel, -n",https://youglish.com/pronounce/Ampel/german
an (+ Dat./Akk.),https://youglish.com/pronounce/an/german
"anbieten | bietet an, bot an, hat angeboten",https://youglish.com/pronounce/anbieten/german
"das Angebot, -e",https://youglish.com/pronounce/Angebot/german
ander-,https://youglish.com/pronounce/ander/german
ändern (sich),https://youglish.com/pronounce/ändern/german
anders,https://youglish.com/pronounce/anders/german
"anfangen | fängt an, fing an, hat angefangen",https://youglish.com/pronounce/anfangen/german
"der Anfang, -e",https://youglish.com/pronounce/Anfang/german
"die Angst, -e",https://youglish.com/pronounce/Angst/german
"ankommen | kommt an, kam an, ist angekommen",https://youglish.com/pronounce/ankommen/german
"die Ankunft, -e",https://youglish.com/pronounce/Ankunft/german
anmachen,https://youglish.com/pronounce/anmachen/german
anmelden (sich),https://youglish.com/pronounce/anmelden/german
"die Anmeldung, -en",https://youglish.com/pronounce/Anmeldung/german
"der Anrufbeantworter, -",https://youglish.com/pronounce/Anrufbeantworter/german
"anrufen | ruft an, rief an, hat angerufen",https://youglish.com/pronounce/anrufen/german
"der Anruf, -e",https://youglish.com/pronounce/Anruf/german
"der Anschluss, -e",https://youglish.com/pronounce/Anschluss/german
"ansehen | sieht an, sah an, hat angesehen",https://youglish.com/pronounce/ansehen/german
antworten auf (+ Akk.),https://youglish.com/pronounce/antworten/german
"die Antwort, -en",https://youglish.com/pronounce/Antwort/german
"die Anzeige, -n",https://youglish.com/pronounce/Anzeige/german
"der Anzug, -e",https://youglish.com/pronounce/Anzug/german
"der Apfel, -",https://youglish.com/pronounce/Apfel/german
"die Apotheke, -n",https://youglish.com/pronounce/Apotheke/german
"der Apparat, -e",https://youglish.com/pronounce/Apparat/german
arbeiten,https://youglish.com/pronounce/arbeiten/german
"die Arbeit, -en",https://youglish.com/pronounce/Arbeit/german
arbeitslos,https://youglish.com/pronounce/arbeitslos/german
ärgern (sich) über (+ Akk.),https://youglish.com/pronounce/ärgern/german
"arm (ärmer, am ärmsten)",https://youglish.com/pronounce/arm/german
"der Arm, -e",https://youglish.com/pronounce/Arm/german
"der Artikel, -",https://youglish.com/pronounce/Artikel/german
auch,https://youglish.com/pronounce/auch/german
auf (+ Dat./Akk.),https://youglish.com/pronounce/auf/german
auf jeden/keinen Fall,https://youglish.com/pronounce/Fall/german
aufhören mit (+ Dat.),https://youglish.com/pronounce/aufhören/german
aufmachen,https://youglish.com/pronounce/aufmachen/german
aufpassen auf (+ Akk.),https://youglish.com/pronounce/aufpassen/german
aufräumen,https://youglish.com/pronounce/aufräumen/german
aufregend,https://youglish.com/pronounce/aufregend/german
"aufstehen | steht auf, stand auf, ist aufgestanden",https://youglish.com/pronounce/aufstehen/german
"der Aufzug, -e",https://youglish.com/pronounce/Aufzug/german
"das Auge, -n",https://youglish.com/pronounce/Auge/german
aus (+ Dat.),https://youglish.com/pronounce/aus/german
"die Ausbildung, -en",https://youglish.com/pronounce/Ausbildung/german
"der Ausflug, -e",https://youglish.com/pronounce/Ausflug/german
ausfüllen,https://youglish.com/pronounce/ausfüllen/german
"der Ausgang, -e",https://youglish.com/pronounce/Ausgang/german
"ausgeben für (+ Akk.) | gibt aus, gab aus, hat ausgegeben",https://youglish.com/pronounce/ausgeben/german
"ausgehen | geht aus, ging aus, ist ausgegangen",https://youglish.com/pronounce/ausgehen/german
"die Auskunft, -e",https://youglish.com/pronounce/Auskunft/german
das Ausland (kein Pl.),https://youglish.com/pronounce/Ausland/german
ausmachen,https://youglish.com/pronounce/ausmachen/german
auspacken,https://youglish.com/pronounce/auspacken/german
ausruhen (sich),https://youglish.com/pronounce/ausruhen/german
"aussehen | sieht aus, sah aus, hat ausgesehen",https://youglish.com/pronounce/aussehen/german
außer (+ Dat.),https://youglish.com/pronounce/außer/german
außerdem,https://youglish.com/pronounce/außerdem/german
außerhalb (+ Gen.),https://youglish.com/pronounce/außerhalb/german
"aussprechen | spricht aus, sprach aus, hat ausgesprochen",https://youglish.com/pronounce/aussprechen/german
"aussteigen | steigt aus, stieg aus, ist ausgestiegen",https://youglish.com/pronounce/aussteigen/german
"die Ausstellung, -en",https://youglish.com/pronounce/Ausstellung/german
"austragen | trägt aus, trug aus, hat ausgetragen",https://youglish.com/pronounce/austragen/german
"der Ausweis, -e",https://youglish.com/pronounce/Ausweis/german
"das Auto, -s",https://youglish.com/pronounce/Auto/german
"die Autobahn, -en",https://youglish.com/pronounce/Autobahn/german
"der Automat, -en",https://youglish.com/pronounce/Automat/german
automatisch,https://youglish.com/pronounce/automatisch/german
"das Baby, -s",https://youglish.com/pronounce/Baby/german
"der Babysitter, -",https://youglish.com/pronounce/Babysitter/german
"backen | bäckt/backt, backte/buk, hat gebacken",https://youglish.com/pronounce/backen/german
"die Bäckerei, -en",https://youglish.com/pronounce/Bäckerei/german
"das Bad, -er",https://youglish.com/pronounce/Bad/german
baden,https://youglish.com/pronounce/baden/german
"die Bahn, -en",https://youglish.com/pronounce/Bahn/german
"der Bahnhof, -e",https://youglish.com/pronounce/Bahnhof/german
"der Bahnsteig, -e",https://youglish.com/pronounce/Bahnsteig/german
bald,https://youglish.com/pronounce/bald/german
"der Balkon, -e",https://youglish.com/pronounce/Balkon/german
"der Ball, -e",https://youglish.com/pronounce/Ball/german
"die Banane, -n",https://youglish.com/pronounce/Banane/german
"die Band, -s",https://youglish.com/pronounce/Band/german
"die Bank, -en",https://youglish.com/pronounce/Bank/german
"die Bank, -e",https://youglish.com/pronounce/Bank/german
bar,https://youglish.com/pronounce/bar/german
"der Basketball, -e",https://youglish.com/pronounce/Basketball/german
basteln,https://youglish.com/pronounce/basteln/german
"der Bauch, -e",https://youglish.com/pronounce/Bauch/german
bauen,https://youglish.com/pronounce/bauen/german
"der Baum, -e",https://youglish.com/pronounce/Baum/german
"die Baustelle, -n",https://youglish.com/pronounce/Baustelle/german
beantworten,https://youglish.com/pronounce/beantworten/german
bedanken (sich) bei (+ Dat.) für (+ Akk.),https://youglish.com/pronounce/bedanken/german
bedeuten,https://youglish.com/pronounce/bedeuten/german
beeilen (sich),https://youglish.com/pronounce/beeilen/german
beenden,https://youglish.com/pronounce/beenden/german
"beginnen | beginnt, begann, hat begonnen",https://youglish.com/pronounce/beginnen/german
begründen,https://youglish.com/pronounce/begründen/german
bei (+ Dat.),https://youglish.com/pronounce/bei/german
beide,https://youglish.com/pronounce/beide/german
"das Bein, -e",https://youglish.com/pronounce/Bein/german
bekannt,https://youglish.com/pronounce/bekannt/german
"der/die Bekannte, -n",https://youglish.com/pronounce/Bekannte/german
"bekommen | bekommt, bekam, hat bekommen",https://youglish.com/pronounce/bekommen/german
beliebt,https://youglish.com/pronounce/beliebt/german
benutzen,https://youglish.com/pronounce/benutzen/german
bequem,https://youglish.com/pronounce/bequem/german
"beraten | berät, beriet, hat beraten",https://youglish.com/pronounce/beraten/german
"der Berg, -e",https://youglish.com/pronounce/Berg/german
berichten über (+ Akk.) / von (+ Dat.),https://youglish.com/pronounce/berichten/german
"der Beruf, -e",https://youglish.com/pronounce/Beruf/german
berühmt,https://youglish.com/pronounce/berühmt/german
der Bescheid (kein Pl.),https://youglish.com/pronounce/Bescheid/german
"beschreiben | beschreibt, beschrieb, hat beschrieben",https://youglish.com/pronounce/beschreiben/german
beschweren (sich) über (+ Akk.),https://youglish.com/pronounce/beschweren/german
besetzt,https://youglish.com/pronounce/besetzt/german
besichtigen,https://youglish.com/pronounce/besichtigen/german
besonders,https://youglish.com/pronounce/besonders/german
bestätigen,https://youglish.com/pronounce/bestätigen/german
"bestehen aus (+ Dat.) | besteht, bestand, hat bestanden",https://youglish.com/pronounce/bestehen/german
bestellen,https://youglish.com/pronounce/bestellen/german
"der Besuch, -e",https://youglish.com/pronounce/Besuch/german
besuchen,https://youglish.com/pronounce/besuchen/german
"das Bett, -en",https://youglish.com/pronounce/Bett/german
"bewerben (sich) um (+ Akk.) | bewirbt, bewarb, hat beworben",https://youglish.com/pronounce/bewerben/german
"die Bewerbung, -en",https://youglish.com/pronounce/Bewerbung/german
bewölkt,https://youglish.com/pronounce/bewölkt/german
"die Wolke, -n",https://youglish.com/pronounce/Wolke/german
bezahlen,https://youglish.com/pronounce/bezahlen/german
"die Bibliothek, -en",https://youglish.com/pronounce/Bibliothek/german
"das Bier, -e",https://youglish.com/pronounce/Bier/german
"das Bild, -er",https://youglish.com/pronounce/Bild/german
billig,https://youglish.com/pronounce/billig/german
"die Birne, -n",https://youglish.com/pronounce/Birne/german
bis (+ Akk.),https://youglish.com/pronounce/bis/german
ein bisschen,https://youglish.com/pronounce/bisschen/german
bitte,https://youglish.com/pronounce/bitte/german
"die Bitte, -n",https://youglish.com/pronounce/Bitte/german
"bitten um (+ Akk.) | bittet, bat, hat gebeten",https://youglish.com/pronounce/bitten/german
bitter,https://youglish.com/pronounce/bitter/german
"das Blatt, -er",https://youglish.com/pronounce/Blatt/german
"bleiben | bleibt, blieb, ist geblieben",https://youglish.com/pronounce/bleiben/german
"der Bleistift, -e",https://youglish.com/pronounce/Bleistift/german
blöd,https://youglish.com/pronounce/blöd/german
"der/das Blog, -s",https://youglish.com/pronounce/Blog/german
blond,https://youglish.com/pronounce/blond/german
"die Blume, -n",https://youglish.com/pronounce/Blume/german
"die Bluse, -n",https://youglish.com/pronounce/Bluse/german
"die Bohne, -n",https://youglish.com/pronounce/Bohne/german
böse auf (+ Akk.),https://youglish.com/pronounce/böse/german
"braten | brät, briet, hat gebraten",https://youglish.com/pronounce/braten/german
brauchen,https://youglish.com/pronounce/brauchen/german
"der Brief, -e",https://youglish.com/pronounce/Brief/german
"die Briefmarke, -n",https://youglish.com/pronounce/Briefmarke/german
"die Brille, -n",https://youglish.com/pronounce/Brille/german
"bringen | bringt, brachte, hat gebracht",https://youglish.com/pronounce/bringen/german
"das Brot, -e",https://youglish.com/pronounce/Brot/german
"das Brötchen, -",https://youglish.com/pronounce/Brötchen/german
"die Brücke, -n",https://youglish.com/pronounce/Brücke/german
"das Buch, -er",https://youglish.com/pronounce/Buch/german
buchen,https://youglish.com/pronounce/buchen/german
"der Buchstabe, -n",https://youglish.com/pronounce/Buchstabe/german
buchstabieren,https://youglish.com/pronounce/buchstabieren/german
bunt,https://youglish.com/pronounce/bunt/german
"das Büro, -s",https://youglish.com/pronounce/Büro/german
"der Bus, -se",https://youglish.com/pronounce/Bus/german
die Butter (kein Pl.),https://youglish.com/pronounce/Butter/german
"das Café, -s",https://youglish.com/pronounce/Café/german
"die Cafeteria, -s",https://youglish.com/pronounce/Cafeteria/german
chatten,https://youglish.com/pronounce/chatten/german
"der Chef, -s / die Chefin, -nen",https://youglish.com/pronounce/Chef/german
"der Club/Klub, -s",https://youglish.com/pronounce/Club/german
"der/das Comic, -s",https://youglish.com/pronounce/Comic/german
"der Computer, -",https://youglish.com/pronounce/Computer/german
"die Creme, -s/-n",https://youglish.com/pronounce/Creme/german
da,https://youglish.com/pronounce/da/german
da(r)-,https://youglish.com/pronounce/da/german
"dabei sein | ist dabei, war dabei, ist dabei gewesen",https://youglish.com/pronounce/dabei/german
"dafür/dagegen sein | ist dafür/dagegen, war dafür/dagegen, ist dafür/dagegen gewesen",https://youglish.com/pronounce/dafür/german
damals,https://youglish.com/pronounce/damals/german
"die Dame, -n",https://youglish.com/pronounce/Dame/german
daneben,https://youglish.com/pronounce/daneben/german
der Dank (kein Pl.),https://youglish.com/pronounce/Dank/german
danke,https://youglish.com/pronounce/danke/german
danken für (+ Akk.),https://youglish.com/pronounce/danken/german
dann,https://youglish.com/pronounce/dann/german
dass,https://youglish.com/pronounce/dass/german
"die Datei, -en",https://youglish.com/pronounce/Datei/german
"das Datum, -en",https://youglish.com/pronounce/Datum/german
dauern,https://youglish.com/pronounce/dauern/german
"denken an (+ Akk.) | denkt, dachte, hat gedacht",https://youglish.com/pronounce/denken/german
denn,https://youglish.com/pronounce/denn/german
deshalb,https://youglish.com/pronounce/deshalb/german
deutlich,https://youglish.com/pronounce/deutlich/german
dick,https://youglish.com/pronounce/dick/german
"das Ding, -e",https://youglish.com/pronounce/Ding/german
direkt,https://youglish.com/pronounce/direkt/german
"die Disco/Disko, -s",https://youglish.com/pronounce/Disco/german
diskutieren über (+ Akk.),https://youglish.com/pronounce/diskutieren/german
doch,https://youglish.com/pronounce/doch/german
"das Doppelzimmer, -",https://youglish.com/pronounce/Doppelzimmer/german
"das Dorf, -er",https://youglish.com/pronounce/Dorf/german
dort / dorther / dorthin,https://youglish.com/pronounce/dort/german
draußen,https://youglish.com/pronounce/draußen/german
dringend,https://youglish.com/pronounce/dringend/german
drinnen,https://youglish.com/pronounce/drinnen/german
drüben,https://youglish.com/pronounce/drüben/german
drücken,https://youglish.com/pronounce/drücken/german
drucken,https://youglish.com/pronounce/drucken/german
"der Drucker, -",https://youglish.com/pronounce/Drucker/german
"dumm (dümmer, am dümmsten)",https://youglish.com/pronounce/dumm/german
dunkel,https://youglish.com/pronounce/dunkel/german
dünn,https://youglish.com/pronounce/dünn/german
durch (+ Akk.),https://youglish.com/pronounce/durch/german
"dürfen | darf, durfte, hat gedurft",https://youglish.com/pronounce/dürfen/german
der Durst (kein Pl.),https://youglish.com/pronounce/Durst/german
"die Dusche, -n",https://youglish.com/pronounce/Dusche/german
duschen (sich),https://youglish.com/pronounce/duschen/german
"das E-Book, -s",https://youglish.com/pronounce/E-Book/german
echt,https://youglish.com/pronounce/echt/german
"die Ecke, -n",https://youglish.com/pronounce/Ecke/german
egal,https://youglish.com/pronounce/egal/german
"die Ehefrau, -en / der Ehemann, -er / der Ehepartner, -",https://youglish.com/pronounce/Ehefrau/german
"das Ei, -er",https://youglish.com/pronounce/Ei/german
eigen-,https://youglish.com/pronounce/eigen/german
eigentlich,https://youglish.com/pronounce/eigentlich/german
eilig,https://youglish.com/pronounce/eilig/german
einfach,https://youglish.com/pronounce/einfach/german
"der Eingang, -e",https://youglish.com/pronounce/Eingang/german
einig-,https://youglish.com/pronounce/einig/german
einkaufen,https://youglish.com/pronounce/einkaufen/german
"das Einkaufszentrum, -en",https://youglish.com/pronounce/Einkaufszentrum/german
"einladen zu (+ Dat.) | lädt ein, lud ein, hat eingeladen",https://youglish.com/pronounce/einladen/german
"die Einladung, -en",https://youglish.com/pronounce/Einladung/german
einmal,https://youglish.com/pronounce/einmal/german
einpacken,https://youglish.com/pronounce/einpacken/german
"einsteigen in (+ Akk.) | steigt ein, stieg ein, ist eingestiegen",https://youglish.com/pronounce/einsteigen/german
"eintragen (sich) | trägt ein, trug ein, hat eingetragen",https://youglish.com/pronounce/eintragen/german
"der Eintritt, -e",https://youglish.com/pronounce/Eintritt/german
"einverstanden sein | ist einverstanden, war einverstanden, ist einverstanden gewesen",https://youglish.com/pronounce/einverstanden/german
einzel-,https://youglish.com/pronounce/einzel/german
"einziehen | zieht ein, zog ein, ist eingezogen",https://youglish.com/pronounce/einziehen/german
das Eis (kein Pl.),https://youglish.com/pronounce/Eis/german
"die E-Mail, -s",https://youglish.com/pronounce/E-Mail/german
"der Empfänger, -",https://youglish.com/pronounce/Empfänger/german
"empfehlen | empfiehlt, empfahl, hat empfohlen",https://youglish.com/pronounce/empfehlen/german
"das Ende, -n",https://youglish.com/pronounce/Ende/german
enden,https://youglish.com/pronounce/enden/german
endlich,https://youglish.com/pronounce/endlich/german
eng,https://youglish.com/pronounce/eng/german
entschuldigen (sich) bei (+ Dat.) für (+ Akk.),https://youglish.com/pronounce/entschuldigen/german
"die Entschuldigung, -en",https://youglish.com/pronounce/Entschuldigung/german
"das Erdgeschoss, -e",https://youglish.com/pronounce/Erdgeschoss/german
"die Erfahrung, -en",https://youglish.com/pronounce/Erfahrung/german
erinnern (sich) an (+ Akk.),https://youglish.com/pronounce/erinnern/german
"erkältet sein | ist erkältet, war erkältet, ist erkältet gewesen",https://youglish.com/pronounce/erkältet/german
erklären,https://youglish.com/pronounce/erklären/german
erlauben,https://youglish.com/pronounce/erlauben/german
"erlaubt sein | ist erlaubt, war erlaubt, ist erlaubt gewesen",https://youglish.com/pronounce/erlaubt/german
die Erlaubnis (kein Pl.),https://youglish.com/pronounce/Erlaubnis/german
"die Ermäßigung, -en",https://youglish.com/pronounce/Ermäßigung/german
erreichen,https://youglish.com/pronounce/erreichen/german
erst,https://youglish.com/pronounce/erst/german
"der/die Erwachsene, -n",https://youglish.com/pronounce/Erwachsene/german
erzählen von (+ Dat.),https://youglish.com/pronounce/erzählen/german
"essen | isst, aß, hat gegessen",https://youglish.com/pronounce/essen/german
"das Essen, -",https://youglish.com/pronounce/Essen/german
etwas,https://youglish.com/pronounce/etwas/german
"das Fach, -er",https://youglish.com/pronounce/Fach/german
"fahren | fährt, fuhr, ist gefahren",https://youglish.com/pronounce/fahren/german
"abfahren | fährt ab, fuhr ab, ist abgefahren",https://youglish.com/pronounce/abfahren/german
"die Abfahrt, -en",https://youglish.com/pronounce/Abfahrt/german
"die Fahrkarte, -n",https://youglish.com/pronounce/Fahrkarte/german
"der Fahrplan, -e",https://youglish.com/pronounce/Fahrplan/german
"das Fahrrad, -er",https://youglish.com/pronounce/Fahrrad/german
"fallen | fällt, fiel, ist gefallen",https://youglish.com/pronounce/fallen/german
falsch,https://youglish.com/pronounce/falsch/german
"die Familie, -n",https://youglish.com/pronounce/Familie/german
"der Familienname, -n",https://youglish.com/pronounce/Familienname/german
"der Fan, -s",https://youglish.com/pronounce/Fan/german
fantastisch,https://youglish.com/pronounce/fantastisch/german
"die Farbe, -n",https://youglish.com/pronounce/Farbe/german
fast,https://youglish.com/pronounce/fast/german
faul,https://youglish.com/pronounce/faul/german
fehlen,https://youglish.com/pronounce/fehlen/german
"der Fehler, -",https://youglish.com/pronounce/Fehler/german
"die Feier, -n",https://youglish.com/pronounce/Feier/german
feiern,https://youglish.com/pronounce/feiern/german
"das Fenster, -",https://youglish.com/pronounce/Fenster/german
die Ferien (nur Pl.),https://youglish.com/pronounce/Ferien/german
"fernsehen | sieht fern, sah fern, hat ferngesehen",https://youglish.com/pronounce/fernsehen/german
"der Fernseher, -",https://youglish.com/pronounce/Fernseher/german
"fertig sein | ist fertig, war fertig, ist fertig gewesen",https://youglish.com/pronounce/fertig/german
"das Fest, -e",https://youglish.com/pronounce/Fest/german
"das Festival, -s",https://youglish.com/pronounce/Festival/german
fett,https://youglish.com/pronounce/fett/german
das Fieber (kein Pl.),https://youglish.com/pronounce/Fieber/german
"der Film, -e",https://youglish.com/pronounce/Film/german
"finden | findet, fand, hat gefunden",https://youglish.com/pronounce/finden/german
"die Firma, Firmen",https://youglish.com/pronounce/Firma/german
"der Fisch, -e",https://youglish.com/pronounce/Fisch/german
"fit sein | ist fit, war fit, ist fit gewesen",https://youglish.com/pronounce/fit/german
"die Flasche, -n",https://youglish.com/pronounce/Flasche/german
das Fleisch (kein Pl.),https://youglish.com/pronounce/Fleisch/german
fleißig,https://youglish.com/pronounce/fleißig/german
"fliegen | fliegt, flog, ist geflogen",https://youglish.com/pronounce/fliegen/german
"abfliegen | fliegt ab, flog ab, ist abgeflogen",https://youglish.com/pronounce/abfliegen/german
"der Flohmarkt, -e",https://youglish.com/pronounce/Flohmarkt/german
"der Flug, -e",https://youglish.com/pronounce/Flug/german
"der Flughafen, -",https://youglish.com/pronounce/Flughafen/german
"das Flugzeug, -e",https://youglish.com/pronounce/Flugzeug/german
"der Fluss, -e",https://youglish.com/pronounce/Fluss/german
"das Formular, -e",https://youglish.com/pronounce/Formular/german
"der Fotoapparat, -e",https://youglish.com/pronounce/Fotoapparat/german
fotografieren,https://youglish.com/pronounce/fotografieren/german
"das Foto, -s",https://youglish.com/pronounce/Foto/german
"die Frage, -n",https://youglish.com/pronounce/Frage/german
fragen nach (+ Dat.),https://youglish.com/pronounce/fragen/german
"die Frau, -en",https://youglish.com/pronounce/Frau/german
frei,https://youglish.com/pronounce/frei/german
freiwillig,https://youglish.com/pronounce/freiwillig/german
die Freizeit (kein Pl.),https://youglish.com/pronounce/Freizeit/german
fremd,https://youglish.com/pronounce/fremd/german
freuen (sich) auf/über (+ Akk.),https://youglish.com/pronounce/freuen/german
"der Freund, -e / die Freundin, -nen",https://youglish.com/pronounce/Freund/german
freundlich,https://youglish.com/pronounce/freundlich/german
frisch,https://youglish.com/pronounce/frisch/german
froh,https://youglish.com/pronounce/froh/german
"früh (früher, am frühesten)",https://youglish.com/pronounce/früh/german
früher,https://youglish.com/pronounce/früher/german
das Frühstück (kein Pl.),https://youglish.com/pronounce/Frühstück/german
frühstücken,https://youglish.com/pronounce/frühstücken/german
fühlen (sich),https://youglish.com/pronounce/fühlen/german
"der Führerschein, -e",https://youglish.com/pronounce/Führerschein/german
"die Führung, -en",https://youglish.com/pronounce/Führung/german
die Fundsachen (nur Pl.),https://youglish.com/pronounce/Fundsachen/german
für (+ Akk.),https://youglish.com/pronounce/für/german
furchtbar,https://youglish.com/pronounce/furchtbar/german
"der Fuß, -e",https://youglish.com/pronounce/Fuß/german
"der Fußball, -e",https://youglish.com/pronounce/Fußball/german
"die Gabel, -n",https://youglish.com/pronounce/Gabel/german
ganz,https://youglish.com/pronounce/ganz/german
"die Garage, -n",https://youglish.com/pronounce/Garage/german
"der Garten, -",https://youglish.com/pronounce/Garten/german
"der Gast, -e",https://youglish.com/pronounce/Gast/german
"geben | gibt, gab, hat gegeben",https://youglish.com/pronounce/geben/german
geboren,https://youglish.com/pronounce/geboren/german
"das Geburtsjahr, -e / der Geburtsort, -e / der Geburtstag, -e",https://youglish.com/pronounce/Geburtsjahr/german
geehrt-,https://youglish.com/pronounce/geehrt/german
gefährlich,https://youglish.com/pronounce/gefährlich/german
"gefallen | gefällt, gefiel, hat gefallen",https://youglish.com/pronounce/gefallen/german
gegen (+ Akk.),https://youglish.com/pronounce/gegen/german
"das Gegenteil, -e",https://youglish.com/pronounce/Gegenteil/german
gegenüber (+ Dat.),https://youglish.com/pronounce/gegenüber/german
"das Gehalt, -er",https://youglish.com/pronounce/Gehalt/german
"gehen | geht, ging, ist gegangen",https://youglish.com/pronounce/gehen/german
gehören zu (+ Dat.),https://youglish.com/pronounce/gehören/german
das Geld (kein Pl.),https://youglish.com/pronounce/Geld/german
"die Geldbörse, -n",https://youglish.com/pronounce/Geldbörse/german
das Gemüse (kein Pl.),https://youglish.com/pronounce/Gemüse/german
genau,https://youglish.com/pronounce/genau/german
genug,https://youglish.com/pronounce/genug/german
das Gepäck (kein Pl.),https://youglish.com/pronounce/Gepäck/german
gerade,https://youglish.com/pronounce/gerade/german
geradeaus,https://youglish.com/pronounce/geradeaus/german
"das Gerät, -e",https://youglish.com/pronounce/Gerät/german
"das Gericht, -e",https://youglish.com/pronounce/Gericht/german
"gern (lieber, am liebsten)",https://youglish.com/pronounce/gern/german
"das Geschäft, -e",https://youglish.com/pronounce/Geschäft/german
"das Geschenk, -e",https://youglish.com/pronounce/Geschenk/german
"die Geschichte, -n",https://youglish.com/pronounce/Geschichte/german
das Geschirr (kein Pl.),https://youglish.com/pronounce/Geschirr/german
"das Gesicht, -er",https://youglish.com/pronounce/Gesicht/german
"das Gespräch, -e",https://youglish.com/pronounce/Gespräch/german
gestern,https://youglish.com/pronounce/gestern/german
"gesund (gesünder, am gesündesten)",https://youglish.com/pronounce/gesund/german
die Gesundheit (kein Pl.),https://youglish.com/pronounce/Gesundheit/german
"das Getränk, -e",https://youglish.com/pronounce/Getränk/german
"gewinnen | gewinnt, gewann, hat gewonnen",https://youglish.com/pronounce/gewinnen/german
"das Gewitter, -",https://youglish.com/pronounce/Gewitter/german
"die Gitarre, -n",https://youglish.com/pronounce/Gitarre/german
"das Glas, -er",https://youglish.com/pronounce/Glas/german
glauben an (+ Akk.),https://youglish.com/pronounce/glauben/german
gleich,https://youglish.com/pronounce/gleich/german
"das Gleis, -e",https://youglish.com/pronounce/Gleis/german
das Glück (kein Pl.),https://youglish.com/pronounce/Glück/german
glücklich,https://youglish.com/pronounce/glücklich/german
"der Glückwunsch, -e",https://youglish.com/pronounce/Glückwunsch/german
gratulieren zu (+ Dat.),https://youglish.com/pronounce/gratulieren/german
grillen,https://youglish.com/pronounce/grillen/german
die Grippe (kein Pl.),https://youglish.com/pronounce/Grippe/german
"groß (größer, am größten)",https://youglish.com/pronounce/groß/german
"die Größe, -n",https://youglish.com/pronounce/Größe/german
"die Gruppe, -n",https://youglish.com/pronounce/Gruppe/german
"der Gruß, -e",https://youglish.com/pronounce/Gruß/german
"gültig sein | ist gültig, war gültig, ist gültig gewesen",https://youglish.com/pronounce/gültig/german
günstig,https://youglish.com/pronounce/günstig/german
"gut (besser, am besten)",https://youglish.com/pronounce/gut/german
"das Haar, -e",https://youglish.com/pronounce/Haar/german
"haben | hat, hatte, hat gehabt",https://youglish.com/pronounce/haben/german
"das Hähnchen, -",https://youglish.com/pronounce/Hähnchen/german
"die Halle, -n",https://youglish.com/pronounce/Halle/german
hallo,https://youglish.com/pronounce/hallo/german
"der Hals, -e",https://youglish.com/pronounce/Hals/german
"halten | hält, hielt, hat gehalten",https://youglish.com/pronounce/halten/german
"die Haltestelle, -n",https://youglish.com/pronounce/Haltestelle/german
"der Hamburger, -",https://youglish.com/pronounce/Hamburger/german
"die Hand, -e",https://youglish.com/pronounce/Hand/german
"das Handtuch, -er",https://youglish.com/pronounce/Handtuch/german
"das Handy, -s",https://youglish.com/pronounce/Handy/german
"hängen | hängt, hing/hängte, hat gehangen/gehängt",https://youglish.com/pronounce/hängen/german
"hart (härter, am härtesten)",https://youglish.com/pronounce/hart/german
hässlich,https://youglish.com/pronounce/hässlich/german
"die Hauptstadt, -e",https://youglish.com/pronounce/Hauptstadt/german
"das Haus, -er",https://youglish.com/pronounce/Haus/german
"der Haushalt, -e",https://youglish.com/pronounce/Haushalt/german
"das Heft, -e",https://youglish.com/pronounce/Heft/german
die Heimat (kein Pl.),https://youglish.com/pronounce/Heimat/german
heiraten,https://youglish.com/pronounce/heiraten/german
heiß,https://youglish.com/pronounce/heiß/german
"heißen | heißt, hieß, hat geheißen",https://youglish.com/pronounce/heißen/german
"die Heizung, -en",https://youglish.com/pronounce/Heizung/german
"helfen bei (+ Dat.) | hilft, half, hat geholfen",https://youglish.com/pronounce/helfen/german
hell,https://youglish.com/pronounce/hell/german
"das Hemd, -en",https://youglish.com/pronounce/Hemd/german
her / her-,https://youglish.com/pronounce/her/german
heraus / raus,https://youglish.com/pronounce/heraus/german
herein / rein,https://youglish.com/pronounce/herein/german
"der Herd, -e",https://youglish.com/pronounce/Herd/german
"der Herr, -en",https://youglish.com/pronounce/Herr/german
herstellen,https://youglish.com/pronounce/herstellen/german
"herunterladen | lädt herunter, lud herunter, hat heruntergeladen",https://youglish.com/pronounce/herunterladen/german
herzlich,https://youglish.com/pronounce/herzlich/german
heute,https://youglish.com/pronounce/heute/german
hier,https://youglish.com/pronounce/hier/german
die Hilfe (kein Pl.),https://youglish.com/pronounce/Hilfe/german
der Himmel (kein Pl.),https://youglish.com/pronounce/Himmel/german
hin / hin-,https://youglish.com/pronounce/hin/german
hinten,https://youglish.com/pronounce/hinten/german
hinter (+ Dat./Akk.),https://youglish.com/pronounce/hinter/german
"das Hobby, -s",https://youglish.com/pronounce/Hobby/german
"hoch (höher, am höchsten)",https://youglish.com/pronounce/hoch/german
"die Hochzeit, -en",https://youglish.com/pronounce/Hochzeit/german
hoffen auf (+ Akk.),https://youglish.com/pronounce/hoffen/german
hoffentlich,https://youglish.com/pronounce/hoffentlich/german
holen,https://youglish.com/pronounce/holen/german
"die Homepage, -s",https://youglish.com/pronounce/Homepage/german
hören,https://youglish.com/pronounce/hören/german
"die Hose, -n",https://youglish.com/pronounce/Hose/german
"das Hotel, -s",https://youglish.com/pronounce/Hotel/german
"der Hund, -e",https://youglish.com/pronounce/Hund/german
der Hunger (kein Pl.),https://youglish.com/pronounce/Hunger/german
husten,https://youglish.com/pronounce/husten/german
"die Idee, -n",https://youglish.com/pronounce/Idee/german
immer,https://youglish.com/pronounce/immer/german
in (+ Dat./Akk.),https://youglish.com/pronounce/in/german
"die Information, -en",https://youglish.com/pronounce/Information/german
informieren (sich) über (+ Akk.),https://youglish.com/pronounce/informieren/german
"die Insel, -n",https://youglish.com/pronounce/Insel/german
"das Instrument, -e",https://youglish.com/pronounce/Instrument/german
intelligent,https://youglish.com/pronounce/intelligent/german
"das Interesse, -n",https://youglish.com/pronounce/Interesse/german
interessieren (sich) für (+ Akk.),https://youglish.com/pronounce/interessieren/german
interessant,https://youglish.com/pronounce/interessant/german
international,https://youglish.com/pronounce/international/german
das Internet (kein Pl.),https://youglish.com/pronounce/Internet/german
"das Interview, -s",https://youglish.com/pronounce/Interview/german
ja,https://youglish.com/pronounce/ja/german
"die Jacke, -n",https://youglish.com/pronounce/Jacke/german
die Jeans (nur Pl.),https://youglish.com/pronounce/Jeans/german
"jeder, -e, -es",https://youglish.com/pronounce/jeder/german
jemand,https://youglish.com/pronounce/jemand/german
jetzt,https://youglish.com/pronounce/jetzt/german
"der Job, -s",https://youglish.com/pronounce/Job/german
"joggen | joggt, joggte, ist/hat gejoggt",https://youglish.com/pronounce/joggen/german
"die Jugendherberge, -n",https://youglish.com/pronounce/Jugendherberge/german
"der/die Jugendliche, -n",https://youglish.com/pronounce/Jugendliche/german
"jung (jünger, am jüngsten)",https://youglish.com/pronounce/jung/german
"der Junge, -n",https://youglish.com/pronounce/Junge/german
"der Kaffee, -s",https://youglish.com/pronounce/Kaffee/german
"der Kalender, -",https://youglish.com/pronounce/Kalender/german
"kalt (kälter, am kältesten)",https://youglish.com/pronounce/kalt/german
"die Kamera, -s",https://youglish.com/pronounce/Kamera/german
kaputt,https://youglish.com/pronounce/kaputt/german
"die Karte, -n",https://youglish.com/pronounce/Karte/german
"die Kartoffel, -n",https://youglish.com/pronounce/Kartoffel/german
der Käse (kein Pl.),https://youglish.com/pronounce/Käse/german
"die Kasse, -n",https://youglish.com/pronounce/Kasse/german
"die Katze, -n",https://youglish.com/pronounce/Katze/german
kaufen,https://youglish.com/pronounce/kaufen/german
"das Kaufhaus, -er",https://youglish.com/pronounce/Kaufhaus/german
"kein, -e",https://youglish.com/pronounce/kein/german
"der Keller, -",https://youglish.com/pronounce/Keller/german
"kennen | kennt, kannte, hat gekannt",https://youglish.com/pronounce/kennen/german
kennenlernen,https://youglish.com/pronounce/kennenlernen/german
die Kenntnisse (nur Pl.),https://youglish.com/pronounce/Kenntnisse/german
"die Kette, -n",https://youglish.com/pronounce/Kette/german
"das Kind, -er",https://youglish.com/pronounce/Kind/german
"der Kindergarten, -",https://youglish.com/pronounce/Kindergarten/german
"das Kino, -s",https://youglish.com/pronounce/Kino/german
"der Kiosk, -e",https://youglish.com/pronounce/Kiosk/german
"die Kirche, -n",https://youglish.com/pronounce/Kirche/german
klappen,https://youglish.com/pronounce/klappen/german
klar,https://youglish.com/pronounce/klar/german
"das Klavier, -e",https://youglish.com/pronounce/Klavier/german
"das Kleid, -er",https://youglish.com/pronounce/Kleid/german
die Kleidung (kein Pl.),https://youglish.com/pronounce/Kleidung/german
klein,https://youglish.com/pronounce/klein/german
"klug (klüger, am klügsten)",https://youglish.com/pronounce/klug/german
kochen,https://youglish.com/pronounce/kochen/german
"der Koffer, -",https://youglish.com/pronounce/Koffer/german
"der Kollege, -n / die Kollegin, -nen",https://youglish.com/pronounce/Kollege/german
komisch,https://youglish.com/pronounce/komisch/german
"kommen | kommt, kam, ist gekommen",https://youglish.com/pronounce/kommen/german
"können | kann, konnte, hat gekonnt",https://youglish.com/pronounce/können/german
"der Kontakt, -e",https://youglish.com/pronounce/Kontakt/german
"das Konto, Konten",https://youglish.com/pronounce/Konto/german
kontrollieren,https://youglish.com/pronounce/kontrollieren/german
"das Konzert, -e",https://youglish.com/pronounce/Konzert/german
"der Kopf, -e",https://youglish.com/pronounce/Kopf/german
"der Körper, -",https://youglish.com/pronounce/Körper/german
die Kosmetik (kein Pl.),https://youglish.com/pronounce/Kosmetik/german
kosten,https://youglish.com/pronounce/kosten/german
kostenlos,https://youglish.com/pronounce/kostenlos/german
"krank (kränker, am kränksten)",https://youglish.com/pronounce/krank/german
"das Krankenhaus, -er",https://youglish.com/pronounce/Krankenhaus/german
"die Krankenkasse, -n",https://youglish.com/pronounce/Krankenkasse/german
"die Krankheit, -en",https://youglish.com/pronounce/Krankheit/german
"der Kredit, -e",https://youglish.com/pronounce/Kredit/german
"die Kreuzung, -en",https://youglish.com/pronounce/Kreuzung/german
kriegen,https://youglish.com/pronounce/kriegen/german
"der Krimi, -s",https://youglish.com/pronounce/Krimi/german
"die Küche, -n",https://youglish.com/pronounce/Küche/german
"der Kuchen, -",https://youglish.com/pronounce/Kuchen/german
kühl,https://youglish.com/pronounce/kühl/german
"der Kühlschrank, -e",https://youglish.com/pronounce/Kühlschrank/german
"die Kultur, -en",https://youglish.com/pronounce/Kultur/german
kümmern (sich) um (+ Akk.),https://youglish.com/pronounce/kümmern/german
"der Kunde, -n / die Kundin, -nen",https://youglish.com/pronounce/Kunde/german
kündigen,https://youglish.com/pronounce/kündigen/german
"die Kunst, -e",https://youglish.com/pronounce/Kunst/german
"der Kurs, -e",https://youglish.com/pronounce/Kurs/german
"kurz (kürzer, am kürzesten)",https://youglish.com/pronounce/kurz/german
lachen über (+ Akk.),https://youglish.com/pronounce/lachen/german
"der Laden, -",https://youglish.com/pronounce/Laden/german
"die Lampe, -n",https://youglish.com/pronounce/Lampe/german
"das Land, -er",https://youglish.com/pronounce/Land/german
"die Landschaft, -en",https://youglish.com/pronounce/Landschaft/german
"lang (länger, am längsten)",https://youglish.com/pronounce/lang/german
lange,https://youglish.com/pronounce/lange/german
langsam,https://youglish.com/pronounce/langsam/german
langweilig,https://youglish.com/pronounce/langweilig/german
"der/das Laptop, -s",https://youglish.com/pronounce/Laptop/german
"lassen | lässt, ließ, hat gelassen",https://youglish.com/pronounce/lassen/german
"laufen | läuft, lief, ist gelaufen",https://youglish.com/pronounce/laufen/german
laut,https://youglish.com/pronounce/laut/german
leben,https://youglish.com/pronounce/leben/german
"das Leben, -",https://youglish.com/pronounce/Leben/german
die Lebensmittel (nur Pl.),https://youglish.com/pronounce/Lebensmittel/german
leer,https://youglish.com/pronounce/leer/german
legen,https://youglish.com/pronounce/legen/german
leicht,https://youglish.com/pronounce/leicht/german
leider,https://youglish.com/pronounce/leider/german
"leidtun | tut leid, tat leid, hat leidgetan",https://youglish.com/pronounce/leidtun/german
"leihen | leiht, lieh, hat geliehen",https://youglish.com/pronounce/leihen/german
leise,https://youglish.com/pronounce/leise/german
lernen,https://youglish.com/pronounce/lernen/german
"lesen | liest, las, hat gelesen",https://youglish.com/pronounce/lesen/german
letzt-,https://youglish.com/pronounce/letzt/german
die Leute (nur Pl.),https://youglish.com/pronounce/Leute/german
"das Licht, -er",https://youglish.com/pronounce/Licht/german
lieb-,https://youglish.com/pronounce/lieb/german
lieben,https://youglish.com/pronounce/lieben/german
Lieblings-,https://youglish.com/pronounce/Lieblings/german
"das Lied, -er",https://youglish.com/pronounce/Lied/german
liefern,https://youglish.com/pronounce/liefern/german
"liegen | liegt, lag, hat/ist gelegen",https://youglish.com/pronounce/liegen/german
"der Link, -s",https://youglish.com/pronounce/Link/german
links,https://youglish.com/pronounce/links/german
"der Löffel, -",https://youglish.com/pronounce/Löffel/german
"das Lokal, -e",https://youglish.com/pronounce/Lokal/german
"die Lüge, -n",https://youglish.com/pronounce/Lüge/german
"lügen | lügt, log, hat gelogen",https://youglish.com/pronounce/lügen/german
die Lust (kein Pl.),https://youglish.com/pronounce/Lust/german
lustig,https://youglish.com/pronounce/lustig/german
machen,https://youglish.com/pronounce/machen/german
"das Mädchen, -",https://youglish.com/pronounce/Mädchen/german
"der Magen, -",https://youglish.com/pronounce/Magen/german
"die Mailbox, -en",https://youglish.com/pronounce/Mailbox/german
"mal / das Mal, -e",https://youglish.com/pronounce/mal/german
malen,https://youglish.com/pronounce/malen/german
man,https://youglish.com/pronounce/man/german
manch-,https://youglish.com/pronounce/manch/german
manchmal,https://youglish.com/pronounce/manchmal/german
"der Mann, -er",https://youglish.com/pronounce/Mann/german
männlich,https://youglish.com/pronounce/männlich/german
"die Mannschaft, -en",https://youglish.com/pronounce/Mannschaft/german
"der Mantel, -",https://youglish.com/pronounce/Mantel/german
"der Markt, -e",https://youglish.com/pronounce/Markt/german
"die Maschine, -n",https://youglish.com/pronounce/Maschine/german
"das Medikament, -e",https://youglish.com/pronounce/Medikament/german
"das Meer, -e",https://youglish.com/pronounce/Meer/german
mehr,https://youglish.com/pronounce/mehr/german
meinen,https://youglish.com/pronounce/meinen/german
"die Meinung, -en",https://youglish.com/pronounce/Meinung/german
meist-,https://youglish.com/pronounce/meist/german
meistens,https://youglish.com/pronounce/meistens/german
"die Menge, -n",https://youglish.com/pronounce/Menge/german
"der Mensch, -en",https://youglish.com/pronounce/Mensch/german
merken (sich),https://youglish.com/pronounce/merken/german
"die Messe, -n",https://youglish.com/pronounce/Messe/german
"das Messer, -",https://youglish.com/pronounce/Messer/german
"die Miete, -n",https://youglish.com/pronounce/Miete/german
mieten,https://youglish.com/pronounce/mieten/german
die Milch (kein Pl.),https://youglish.com/pronounce/Milch/german
mindestens,https://youglish.com/pronounce/mindestens/german
das Mineralwasser (kein Pl.),https://youglish.com/pronounce/Mineralwasser/german
mit (+ Dat.),https://youglish.com/pronounce/mit/german
"der Mitarbeiter, -",https://youglish.com/pronounce/Mitarbeiter/german
"das Mittagessen, -",https://youglish.com/pronounce/Mittagessen/german
"die Mitte, -n",https://youglish.com/pronounce/Mitte/german
"das Mittel, -",https://youglish.com/pronounce/Mittel/german
die Möbel (nur Pl.),https://youglish.com/pronounce/Möbel/german
"das Mobiltelefon, -e",https://youglish.com/pronounce/Mobiltelefon/german
"möchten | möchte, mochte, hat gemocht",https://youglish.com/pronounce/möchten/german
"die Mode, -n",https://youglish.com/pronounce/Mode/german
modern,https://youglish.com/pronounce/modern/german
"mögen | mag, mochte, hat gemocht",https://youglish.com/pronounce/mögen/german
möglich,https://youglish.com/pronounce/möglich/german
"der Moment, -e",https://youglish.com/pronounce/Moment/german
morgen,https://youglish.com/pronounce/morgen/german
"der Motor, -en",https://youglish.com/pronounce/Motor/german
"der Motorroller, -",https://youglish.com/pronounce/Motorroller/german
müde,https://youglish.com/pronounce/müde/german
der Müll (kein Pl.),https://youglish.com/pronounce/Müll/german
"der Mund, -er",https://youglish.com/pronounce/Mund/german
"das Museum, Museen",https://youglish.com/pronounce/Museum/german
die Musik (kein Pl.),https://youglish.com/pronounce/Musik/german
"müssen | muss, musste, hat gemusst",https://youglish.com/pronounce/müssen/german
"die Mütze, -n",https://youglish.com/pronounce/Mütze/german
nach (+ Dat.),https://youglish.com/pronounce/nach/german
"der Nachbar, -n / die Nachbarin, -nen",https://youglish.com/pronounce/Nachbar/german
"die Nachricht, -en",https://youglish.com/pronounce/Nachricht/german
nächst-,https://youglish.com/pronounce/nächst/german
die Nähe (kein Pl.),https://youglish.com/pronounce/Nähe/german
"der Name, -n",https://youglish.com/pronounce/Name/german
"nass (nässer, am nassesten)",https://youglish.com/pronounce/nass/german
die Natur (kein Pl.),https://youglish.com/pronounce/Natur/german
natürlich,https://youglish.com/pronounce/natürlich/german
neben (+ Dat./Akk.),https://youglish.com/pronounce/neben/german
nebenan,https://youglish.com/pronounce/nebenan/german
neblig,https://youglish.com/pronounce/neblig/german
"nehmen | nimmt, nahm, hat genommen",https://youglish.com/pronounce/nehmen/german
nein,https://youglish.com/pronounce/nein/german
"nennen | nennt, nannte, hat genannt",https://youglish.com/pronounce/nennen/german
nervös,https://youglish.com/pronounce/nervös/german
nett,https://youglish.com/pronounce/nett/german
neu,https://youglish.com/pronounce/neu/german
nicht,https://youglish.com/pronounce/nicht/german
nichts,https://youglish.com/pronounce/nichts/german
nie,https://youglish.com/pronounce/nie/german
niemand,https://youglish.com/pronounce/niemand/german
nirgends,https://youglish.com/pronounce/nirgends/german
noch,https://youglish.com/pronounce/noch/german
normal,https://youglish.com/pronounce/normal/german
"die Note, -n",https://youglish.com/pronounce/Note/german
notieren,https://youglish.com/pronounce/notieren/german
"die Notiz, -en",https://youglish.com/pronounce/Notiz/german
notwendig,https://youglish.com/pronounce/notwendig/german
"die Nudel, -n",https://youglish.com/pronounce/Nudel/german
"die Nummer, -n",https://youglish.com/pronounce/Nummer/german
nur,https://youglish.com/pronounce/nur/german
nützlich,https://youglish.com/pronounce/nützlich/german
oben,https://youglish.com/pronounce/oben/german
das Obst (kein Pl.),https://youglish.com/pronounce/Obst/german
oder,https://youglish.com/pronounce/oder/german
offen,https://youglish.com/pronounce/offen/german
öffnen,https://youglish.com/pronounce/öffnen/german
"oft (öfter, am öftesten)",https://youglish.com/pronounce/oft/german
ohne (+ Akk.),https://youglish.com/pronounce/ohne/german
"das Ohr, -en",https://youglish.com/pronounce/Ohr/german
"das Öl, -e",https://youglish.com/pronounce/Öl/german
online,https://youglish.com/pronounce/online/german
"die Orange, -n",https://youglish.com/pronounce/Orange/german
"die Ordnung, -en",https://youglish.com/pronounce/Ordnung/german
organisieren,https://youglish.com/pronounce/organisieren/german
"der Ort, -e",https://youglish.com/pronounce/Ort/german
"das Paar, -e",https://youglish.com/pronounce/Paar/german
ein paar,https://youglish.com/pronounce/paar/german
packen,https://youglish.com/pronounce/packen/german
"das Paket, -e",https://youglish.com/pronounce/Paket/german
"das Papier, -e / die Papiere (Pl.)",https://youglish.com/pronounce/Papier/german
"das Parfüm, -s",https://youglish.com/pronounce/Parfüm/german
"der Park, -s",https://youglish.com/pronounce/Park/german
parken,https://youglish.com/pronounce/parken/german
"der Partner, - / die Partnerin, -nen",https://youglish.com/pronounce/Partner/german
"die Party, -s",https://youglish.com/pronounce/Party/german
"der Pass, -e",https://youglish.com/pronounce/Pass/german
passen zu (+ Dat.),https://youglish.com/pronounce/passen/german
"passieren | passiert, passierte, ist passiert",https://youglish.com/pronounce/passieren/german
"das Passwort, -er",https://youglish.com/pronounce/Passwort/german
"die Pause, -n",https://youglish.com/pronounce/Pause/german
"die Person, -en",https://youglish.com/pronounce/Person/german
"das Pferd, -e",https://youglish.com/pronounce/Pferd/german
"die Pflanze, -n",https://youglish.com/pronounce/Pflanze/german
"die Pizza, -s/-en",https://youglish.com/pronounce/Pizza/german
"das Plakat, -e",https://youglish.com/pronounce/Plakat/german
"der Plan, -e",https://youglish.com/pronounce/Plan/german
planen,https://youglish.com/pronounce/planen/german
"der Platz, -e",https://youglish.com/pronounce/Platz/german
plötzlich,https://youglish.com/pronounce/plötzlich/german
die Polizei (kein Pl.),https://youglish.com/pronounce/Polizei/german
die Pommes frites (nur Pl.),https://youglish.com/pronounce/Pommes/german
"die Portion, -en",https://youglish.com/pronounce/Portion/german
die Post (kein Pl.),https://youglish.com/pronounce/Post/german
"das Poster, -",https://youglish.com/pronounce/Poster/german
"die Postkarte, -n",https://youglish.com/pronounce/Postkarte/german
"die Postleitzahl, -en",https://youglish.com/pronounce/Postleitzahl/german
"das Praktikum, Praktika",https://youglish.com/pronounce/Praktikum/german
praktisch,https://youglish.com/pronounce/praktisch/german
"die Praxis, Praxen",https://youglish.com/pronounce/Praxis/german
"der Preis, -e",https://youglish.com/pronounce/Preis/german
preiswert,https://youglish.com/pronounce/preiswert/german
privat,https://youglish.com/pronounce/privat/german
pro (+ Dat.),https://youglish.com/pronounce/pro/german
probieren,https://youglish.com/pronounce/probieren/german
"das Problem, -e",https://youglish.com/pronounce/Problem/german
"das Produkt, -e",https://youglish.com/pronounce/Produkt/german
"das Programm, -e",https://youglish.com/pronounce/Programm/german
"das Projekt, -e",https://youglish.com/pronounce/Projekt/german
"der Prospekt, -e",https://youglish.com/pronounce/Prospekt/german
prüfen,https://youglish.com/pronounce/prüfen/german
"die Prüfung, -en",https://youglish.com/pronounce/Prüfung/german
"der Pullover, -",https://youglish.com/pronounce/Pullover/german
pünktlich,https://youglish.com/pronounce/pünktlich/german
putzen,https://youglish.com/pronounce/putzen/german
"die Qualität, -en",https://youglish.com/pronounce/Qualität/german
das Quiz (kein Pl.),https://youglish.com/pronounce/Quiz/german
"das Radio, -s",https://youglish.com/pronounce/Radio/german
"raten zu (+ Dat.) | rät, riet, hat geraten",https://youglish.com/pronounce/raten/german
"das Rathaus, -er",https://youglish.com/pronounce/Rathaus/german
"das Rätsel, -",https://youglish.com/pronounce/Rätsel/german
rauchen,https://youglish.com/pronounce/rauchen/german
"der Raum, -e",https://youglish.com/pronounce/Raum/german
rechnen,https://youglish.com/pronounce/rechnen/german
"die Rechnung, -en",https://youglish.com/pronounce/Rechnung/german
"recht haben | hat recht, hatte recht, hat recht gehabt",https://youglish.com/pronounce/recht/german
rechts,https://youglish.com/pronounce/rechts/german
reden über (+ Akk.) / von (+ Dat.),https://youglish.com/pronounce/reden/german
der Regen (kein Pl.),https://youglish.com/pronounce/Regen/german
regnen,https://youglish.com/pronounce/regnen/german
reich,https://youglish.com/pronounce/reich/german
"der Reifen, -",https://youglish.com/pronounce/Reifen/german
"die Reihe, -n",https://youglish.com/pronounce/Reihe/german
"die Reinigung, -en",https://youglish.com/pronounce/Reinigung/german
der Reis (kein Pl.),https://youglish.com/pronounce/Reis/german
"die Reise, -n",https://youglish.com/pronounce/Reise/german
"das Reisebüro, -s",https://youglish.com/pronounce/Reisebüro/german
"der Reiseführer, -",https://youglish.com/pronounce/Reiseführer/german
"reisen | reist, reiste, ist gereist",https://youglish.com/pronounce/reisen/german
"reiten | reitet, ritt, ist geritten",https://youglish.com/pronounce/reiten/german
renovieren,https://youglish.com/pronounce/renovieren/german
"der Rentner, - / die Rentnerin, -nen",https://youglish.com/pronounce/Rentner/german
"die Reparatur, -en",https://youglish.com/pronounce/Reparatur/german
reparieren,https://youglish.com/pronounce/reparieren/german
reservieren,https://youglish.com/pronounce/reservieren/german
"der Rest, -e",https://youglish.com/pronounce/Rest/german
"das Restaurant, -s",https://youglish.com/pronounce/Restaurant/german
"das Rezept, -e",https://youglish.com/pronounce/Rezept/german
"die Rezeption, -en",https://youglish.com/pronounce/Rezeption/german
richtig,https://youglish.com/pronounce/richtig/german
"riechen nach (+ Dat.) | riecht, roch, hat gerochen",https://youglish.com/pronounce/riechen/german
"das Rind, -er",https://youglish.com/pronounce/Rind/german
"der Ring, -e",https://youglish.com/pronounce/Ring/german
"der Rock, -e",https://youglish.com/pronounce/Rock/german
romantisch,https://youglish.com/pronounce/romantisch/german
"die Rose, -n",https://youglish.com/pronounce/Rose/german
"der Rücken, -",https://youglish.com/pronounce/Rücken/german
"der Rucksack, -e",https://youglish.com/pronounce/Rucksack/german
"rufen | ruft, rief, hat gerufen",https://youglish.com/pronounce/rufen/german
die Ruhe (kein Pl.),https://youglish.com/pronounce/Ruhe/german
ruhig,https://youglish.com/pronounce/ruhig/german
rund,https://youglish.com/pronounce/rund/german
"der Rundgang, -e",https://youglish.com/pronounce/Rundgang/german
"die Sache, -n",https://youglish.com/pronounce/Sache/german
"der Saft, -e",https://youglish.com/pronounce/Saft/german
sagen über (+ Akk.) / von (+ Dat.),https://youglish.com/pronounce/sagen/german
"der Salat, -e",https://youglish.com/pronounce/Salat/german
"das Salz, -e",https://youglish.com/pronounce/Salz/german
sammeln,https://youglish.com/pronounce/sammeln/german
"der Satz, -e",https://youglish.com/pronounce/Satz/german
sauber,https://youglish.com/pronounce/sauber/german
"sauer (saurer, am sauersten)",https://youglish.com/pronounce/sauer/german
schade,https://youglish.com/pronounce/schade/german
schädlich für (+ Akk.),https://youglish.com/pronounce/schädlich/german
"schaffen | schafft, schaffte, hat geschafft",https://youglish.com/pronounce/schaffen/german
"der Schalter, -",https://youglish.com/pronounce/Schalter/german
"scharf (schärfer, am schärfsten)",https://youglish.com/pronounce/scharf/german
"scheinen | scheint, schien, hat geschienen",https://youglish.com/pronounce/scheinen/german
schenken,https://youglish.com/pronounce/schenken/german
"die Schere, -n",https://youglish.com/pronounce/Schere/german
schicken an (+ Akk.),https://youglish.com/pronounce/schicken/german
"das Schiff, -e",https://youglish.com/pronounce/Schiff/german
"das Schild, -er",https://youglish.com/pronounce/Schild/german
schimpfen über/auf (+ Akk.),https://youglish.com/pronounce/schimpfen/german
"der Schirm, -e",https://youglish.com/pronounce/Schirm/german
"schlafen | schläft, schlief, hat geschlafen",https://youglish.com/pronounce/schlafen/german
"das Schlafzimmer, -",https://youglish.com/pronounce/Schlafzimmer/german
"schlecht (schlechter, am schlechtesten)",https://youglish.com/pronounce/schlecht/german
"schließen | schließt, schloss, hat geschlossen",https://youglish.com/pronounce/schließen/german
schlimm,https://youglish.com/pronounce/schlimm/german
"das Schloss, -er",https://youglish.com/pronounce/Schloss/german
"der Schluss, -e",https://youglish.com/pronounce/Schluss/german
"der Schlüssel, -",https://youglish.com/pronounce/Schlüssel/german
schmecken nach (+ Dat.),https://youglish.com/pronounce/schmecken/german
"der Schmerz, -en",https://youglish.com/pronounce/Schmerz/german
schmutzig,https://youglish.com/pronounce/schmutzig/german
der Schnee (kein Pl.),https://youglish.com/pronounce/Schnee/german
"schneiden (sich) | schneidet, schnitt, hat geschnitten",https://youglish.com/pronounce/schneiden/german
schneien,https://youglish.com/pronounce/schneien/german
schnell,https://youglish.com/pronounce/schnell/german
die Schokolade (kein Pl.),https://youglish.com/pronounce/Schokolade/german
schon,https://youglish.com/pronounce/schon/german
schön,https://youglish.com/pronounce/schön/german
"der Schrank, -e",https://youglish.com/pronounce/Schrank/german
schrecklich,https://youglish.com/pronounce/schrecklich/german
"schreiben an (+ Akk.) | schreibt, schrieb, hat geschrieben",https://youglish.com/pronounce/schreiben/german
schriftlich,https://youglish.com/pronounce/schriftlich/german
"der Schuh, -e",https://youglish.com/pronounce/Schuh/german
"die Schule, -n",https://youglish.com/pronounce/Schule/german
"der Schüler, - / die Schülerin, -nen",https://youglish.com/pronounce/Schüler/german
"schwach (schwächer, am schwächsten)",https://youglish.com/pronounce/schwach/german
schwanger,https://youglish.com/pronounce/schwanger/german
"das Schwein, -e",https://youglish.com/pronounce/Schwein/german
"schwer (schwerer, am schwersten)",https://youglish.com/pronounce/schwer/german
schwierig,https://youglish.com/pronounce/schwierig/german
"das Schwimmbad, -er",https://youglish.com/pronounce/Schwimmbad/german
"schwimmen | schwimmt, schwamm, ist geschwommen",https://youglish.com/pronounce/schwimmen/german
"der See, -n",https://youglish.com/pronounce/See/german
die See (kein Pl.),https://youglish.com/pronounce/See/german
"sehen | sieht, sah, hat gesehen",https://youglish.com/pronounce/sehen/german
"die Sehenswürdigkeit, -en",https://youglish.com/pronounce/Sehenswürdigkeit/german
sehr,https://youglish.com/pronounce/sehr/german
"die Seife, -n",https://youglish.com/pronounce/Seife/german
"sein | ist, war, ist gewesen",https://youglish.com/pronounce/sein/german
seit (+ Dat.),https://youglish.com/pronounce/seit/german
"die Seite, -n",https://youglish.com/pronounce/Seite/german
selbst,https://youglish.com/pronounce/selbst/german
"die Sendung, -en",https://youglish.com/pronounce/Sendung/german
der Service (kein Pl.),https://youglish.com/pronounce/Service/german
setzen (sich),https://youglish.com/pronounce/setzen/german
sicher,https://youglish.com/pronounce/sicher/german
"singen | singt, sang, hat gesungen",https://youglish.com/pronounce/singen/german
"die Situation, -en",https://youglish.com/pronounce/Situation/german
"sitzen | sitzt, saß, hat/ist gesessen",https://youglish.com/pronounce/sitzen/german
"der Ski, - / -er",https://youglish.com/pronounce/Ski/german
so,https://youglish.com/pronounce/so/german
"das Sofa, -s",https://youglish.com/pronounce/Sofa/german
sofort,https://youglish.com/pronounce/sofort/german
sogar,https://youglish.com/pronounce/sogar/german
"sollen | soll, sollte, hat gesollt",https://youglish.com/pronounce/sollen/german
"die Sonne, -n",https://youglish.com/pronounce/Sonne/german
sonnig,https://youglish.com/pronounce/sonnig/german
sonst,https://youglish.com/pronounce/sonst/german
spannend,https://youglish.com/pronounce/spannend/german
sparen,https://youglish.com/pronounce/sparen/german
der Spaß (kein Pl.),https://youglish.com/pronounce/Spaß/german
"spät (später, am spätesten)",https://youglish.com/pronounce/spät/german
später,https://youglish.com/pronounce/später/german
"spazieren gehen | geht spazieren, ging spazieren, ist spazieren gegangen",https://youglish.com/pronounce/spazieren/german
"der Spaziergang, -e",https://youglish.com/pronounce/Spaziergang/german
speichern,https://youglish.com/pronounce/speichern/german
"die Speisekarte, -n",https://youglish.com/pronounce/Speisekarte/german
"das Spiel, -e",https://youglish.com/pronounce/Spiel/german
spielen,https://youglish.com/pronounce/spielen/german
der Sport (kein Pl.),https://youglish.com/pronounce/Sport/german
sportlich,https://youglish.com/pronounce/sportlich/german
"der Sportplatz, -e",https://youglish.com/pronounce/Sportplatz/german
"die Sprache, -n",https://youglish.com/pronounce/Sprache/german
"sprechen mit (+ Dat.) über (+ Akk.) | spricht, sprach, hat gesprochen",https://youglish.com/pronounce/sprechen/german
"die Sprechstunde, -n",https://youglish.com/pronounce/Sprechstunde/german
"die Stadt, -e",https://youglish.com/pronounce/Stadt/german
"der Stadtplan, -e",https://youglish.com/pronounce/Stadtplan/german
"der Star, -s",https://youglish.com/pronounce/Star/german
"stark (stärker, am stärksten)",https://youglish.com/pronounce/stark/german
"stattfinden | findet statt, fand statt, hat stattgefunden",https://youglish.com/pronounce/stattfinden/german
"stehen | steht, stand, hat/ist gestanden",https://youglish.com/pronounce/stehen/german
"die Stelle, -n",https://youglish.com/pronounce/Stelle/german
stellen,https://youglish.com/pronounce/stellen/german
"sterben an (+ Dat.) | stirbt, starb, ist gestorben",https://youglish.com/pronounce/sterben/german
"der Stiefel, -",https://youglish.com/pronounce/Stiefel/german
"der Stift, -e",https://youglish.com/pronounce/Stift/german
"das Stipendium, Stipendien",https://youglish.com/pronounce/Stipendium/german
"der Stock, Stockwerke / das Stockwerk, -e",https://youglish.com/pronounce/Stock/german
stören,https://youglish.com/pronounce/stören/german
"der Strand, -e",https://youglish.com/pronounce/Strand/german
"die Straße, -n",https://youglish.com/pronounce/Straße/german
"die Straßenbahn, -en",https://youglish.com/pronounce/Straßenbahn/german
"streiten (sich) mit (+ Dat.) | streitet, stritt, hat gestritten",https://youglish.com/pronounce/streiten/german
streng,https://youglish.com/pronounce/streng/german
der Stress (kein Pl.),https://youglish.com/pronounce/Stress/german
stressig,https://youglish.com/pronounce/stressig/german
"das Stück, -e",https://youglish.com/pronounce/Stück/german
"der Student, -en / die Studentin, -nen",https://youglish.com/pronounce/Student/german
studieren,https://youglish.com/pronounce/studieren/german
"das Studium, Studien",https://youglish.com/pronounce/Studium/german
"der Stuhl, -e",https://youglish.com/pronounce/Stuhl/german
suchen nach (+ Dat.),https://youglish.com/pronounce/suchen/german
super,https://youglish.com/pronounce/super/german
"der Supermarkt, -e",https://youglish.com/pronounce/Supermarkt/german
"die Suppe, -n",https://youglish.com/pronounce/Suppe/german
"surfen | surft, surfte, hat/ist gesurft",https://youglish.com/pronounce/surfen/german
süß,https://youglish.com/pronounce/süß/german
die Süßigkeiten (nur Pl.),https://youglish.com/pronounce/Süßigkeiten/german
sympathisch,https://youglish.com/pronounce/sympathisch/german
"das Tablet, -s",https://youglish.com/pronounce/Tablet/german
"die Tablette, -n",https://youglish.com/pronounce/Tablette/german
"die Tafel, -n",https://youglish.com/pronounce/Tafel/german
tanzen,https://youglish.com/pronounce/tanzen/german
"die Tasche, -n",https://youglish.com/pronounce/Tasche/german
das Taschengeld (kein Pl.),https://youglish.com/pronounce/Taschengeld/german
"die Tasse, -n",https://youglish.com/pronounce/Tasse/german
tauschen / austauschen,https://youglish.com/pronounce/tauschen/german
"das Taxi, -s",https://youglish.com/pronounce/Taxi/german
"das Team, -s",https://youglish.com/pronounce/Team/german
"der Tee, -s",https://youglish.com/pronounce/Tee/german
teilen mit (+ Dat.),https://youglish.com/pronounce/teilen/german
"teilnehmen an (+ Dat.) | nimmt teil, nahm teil, hat teilgenommen",https://youglish.com/pronounce/teilnehmen/german
"das Telefon, -e",https://youglish.com/pronounce/Telefon/german
telefonieren mit (+ Dat.),https://youglish.com/pronounce/telefonieren/german
"der Teller, -",https://youglish.com/pronounce/Teller/german
das Tennis (kein Pl.),https://youglish.com/pronounce/Tennis/german
"der Termin, -e",https://youglish.com/pronounce/Termin/german
"teuer (teurer, am teuersten)",https://youglish.com/pronounce/teuer/german
"der Text, -e",https://youglish.com/pronounce/Text/german
"das Theater, -",https://youglish.com/pronounce/Theater/german
"das Thema, Themen",https://youglish.com/pronounce/Thema/german
"das Ticket, -s",https://youglish.com/pronounce/Ticket/german
tief,https://youglish.com/pronounce/tief/german
"das Tier, -e",https://youglish.com/pronounce/Tier/german
"der Tipp, -s",https://youglish.com/pronounce/Tipp/german
"der Tisch, -e",https://youglish.com/pronounce/Tisch/german
"der Titel, -",https://youglish.com/pronounce/Titel/german
"die Toilette, -n",https://youglish.com/pronounce/Toilette/german
toll,https://youglish.com/pronounce/toll/german
"die Tomate, -n",https://youglish.com/pronounce/Tomate/german
"der Topf, -e",https://youglish.com/pronounce/Topf/german
"die Torte, -n",https://youglish.com/pronounce/Torte/german
tot,https://youglish.com/pronounce/tot/german
total,https://youglish.com/pronounce/total/german
"die Tour, -en",https://youglish.com/pronounce/Tour/german
"der Tourist, -en / die Touristin, -nen",https://youglish.com/pronounce/Tourist/german
"tragen | trägt, trug, hat getragen",https://youglish.com/pronounce/tragen/german
trainieren,https://youglish.com/pronounce/trainieren/german
"das Training, -s",https://youglish.com/pronounce/Training/german
"der Traum, -e",https://youglish.com/pronounce/Traum/german
träumen von (+ Dat.),https://youglish.com/pronounce/träumen/german
traurig,https://youglish.com/pronounce/traurig/german
"treffen (sich) mit (+ Dat.) | trifft, traf, hat getroffen",https://youglish.com/pronounce/treffen/german
"die Treppe, -n",https://youglish.com/pronounce/Treppe/german
"trinken | trinkt, trank, hat getrunken",https://youglish.com/pronounce/trinken/german
trocken,https://youglish.com/pronounce/trocken/german
tschüs,https://youglish.com/pronounce/tschüs/german
"das T-Shirt, -s",https://youglish.com/pronounce/T-Shirt/german
"tun | tut, tat, hat getan",https://youglish.com/pronounce/tun/german
"die Tür, -en",https://youglish.com/pronounce/Tür/german
typisch für (+ Akk.),https://youglish.com/pronounce/typisch/german
üben,https://youglish.com/pronounce/üben/german
über (+ Dat./Akk.),https://youglish.com/pronounce/über/german
überall,https://youglish.com/pronounce/überall/german
übermorgen,https://youglish.com/pronounce/übermorgen/german
übernachten,https://youglish.com/pronounce/übernachten/german
übersetzen in (+ Akk.),https://youglish.com/pronounce/übersetzen/german
"die Übersetzung, -en",https://youglish.com/pronounce/Übersetzung/german
"überweisen auf (+ Akk.) | überweist, überwies, hat überwiesen",https://youglish.com/pronounce/überweisen/german
"die Uhr, -en",https://youglish.com/pronounce/Uhr/german
um (+ Akk.),https://youglish.com/pronounce/um/german
"umsteigen in (+ Akk.) | steigt um, stieg um, ist umgestiegen",https://youglish.com/pronounce/umsteigen/german
"umziehen | zieht um, zog um, ist umgezogen",https://youglish.com/pronounce/umziehen/german
"umziehen (sich) | zieht sich um, zog sich um, hat sich umgezogen",https://youglish.com/pronounce/umziehen/german
"der Umzug, -e",https://youglish.com/pronounce/Umzug/german
unbedingt,https://youglish.com/pronounce/unbedingt/german
und,https://youglish.com/pronounce/und/german
"der Unfall, -e",https://youglish.com/pronounce/Unfall/german
"die Universität, -en",https://youglish.com/pronounce/Universität/german
unten,https://youglish.com/pronounce/unten/german
unter (+ Dat./Akk.),https://youglish.com/pronounce/unter/german
"unterhalten (sich) über (+ Akk.) | unterhält, unterhielt, hat unterhalten",https://youglish.com/pronounce/unterhalten/german
"die Unterkunft, -e",https://youglish.com/pronounce/Unterkunft/german
"unternehmen | unternimmt, unternahm, hat unternommen",https://youglish.com/pronounce/unternehmen/german
der Unterricht (kein Pl.),https://youglish.com/pronounce/Unterricht/german
"der Unterschied, -e",https://youglish.com/pronounce/Unterschied/german
"unterschreiben | unterschreibt, unterschrieb, hat unterschrieben",https://youglish.com/pronounce/unterschreiben/german
"die Unterschrift, -en",https://youglish.com/pronounce/Unterschrift/german
untersuchen,https://youglish.com/pronounce/untersuchen/german
"unterwegs sein | ist unterwegs, war unterwegs, ist unterwegs gewesen",https://youglish.com/pronounce/unterwegs/german
"der Urlaub, -e",https://youglish.com/pronounce/Urlaub/german
"verabredet sein | ist verabredet, war verabredet, ist verabredet gewesen",https://youglish.com/pronounce/verabredet/german
"die Veranstaltung, -en",https://youglish.com/pronounce/Veranstaltung/german
"verbieten | verbietet, verbot, hat verboten",https://youglish.com/pronounce/verbieten/german
verdienen,https://youglish.com/pronounce/verdienen/german
"der Verein, -e",https://youglish.com/pronounce/Verein/german
vereinbaren,https://youglish.com/pronounce/vereinbaren/german
"vergessen | vergisst, vergaß, hat vergessen",https://youglish.com/pronounce/vergessen/german
"vergleichen mit (+ Dat.) | vergleicht, verglich, hat verglichen",https://youglish.com/pronounce/vergleichen/german
verkaufen,https://youglish.com/pronounce/verkaufen/german
der Verkehr (kein Pl.),https://youglish.com/pronounce/Verkehr/german
"das Verkehrsmittel, -",https://youglish.com/pronounce/Verkehrsmittel/german
verletzen (sich),https://youglish.com/pronounce/verletzen/german
verlieben (sich) in (+ Akk.),https://youglish.com/pronounce/verlieben/german
"verlieren | verliert, verlor, hat verloren",https://youglish.com/pronounce/verlieren/german
vermieten an (+ Akk.),https://youglish.com/pronounce/vermieten/german
"der Vermieter, - / die Vermieterin, -nen",https://youglish.com/pronounce/Vermieter/german
verpassen,https://youglish.com/pronounce/verpassen/german
"verreisen | verreist, verreiste, ist verreist",https://youglish.com/pronounce/verreisen/german
"verschieben auf (+ Akk.) | verschiebt, verschob, hat verschoben",https://youglish.com/pronounce/verschieben/german
verschieden,https://youglish.com/pronounce/verschieden/german
"die Verspätung, -en",https://youglish.com/pronounce/Verspätung/german
"verstehen | versteht, verstand, hat verstanden",https://youglish.com/pronounce/verstehen/german
versuchen,https://youglish.com/pronounce/versuchen/german
"der Vertrag, -e",https://youglish.com/pronounce/Vertrag/german
"viel (mehr, am meisten)",https://youglish.com/pronounce/viel/german
vielleicht,https://youglish.com/pronounce/vielleicht/german
"der Vogel, -",https://youglish.com/pronounce/Vogel/german
voll,https://youglish.com/pronounce/voll/german
"der Volleyball, -e",https://youglish.com/pronounce/Volleyball/german
von (+ Dat.),https://youglish.com/pronounce/von/german
vor (+ Dat./Akk.),https://youglish.com/pronounce/vor/german
vorbei an (+ Dat.),https://youglish.com/pronounce/vorbei/german
vorbereiten (sich) auf (+ Akk.),https://youglish.com/pronounce/vorbereiten/german
vorgestern,https://youglish.com/pronounce/vorgestern/german
vorher,https://youglish.com/pronounce/vorher/german
vorn(e),https://youglish.com/pronounce/vorn/german
"der Vorname, -n",https://youglish.com/pronounce/Vorname/german
"der Vorschlag, -e",https://youglish.com/pronounce/Vorschlag/german
vorsichtig,https://youglish.com/pronounce/vorsichtig/german
vorstellen (sich),https://youglish.com/pronounce/vorstellen/german
vorwärts,https://youglish.com/pronounce/vorwärts/german
wach,https://youglish.com/pronounce/wach/german
"der Wagen, -",https://youglish.com/pronounce/Wagen/german
wählen,https://youglish.com/pronounce/wählen/german
wahr,https://youglish.com/pronounce/wahr/german
wahrscheinlich,https://youglish.com/pronounce/wahrscheinlich/german
"der Wald, -er",https://youglish.com/pronounce/Wald/german
"wandern | wandert, wanderte, ist gewandert",https://youglish.com/pronounce/wandern/german
wann,https://youglish.com/pronounce/wann/german
"warm (wärmer, am wärmsten)",https://youglish.com/pronounce/warm/german
warten auf (+ Akk.),https://youglish.com/pronounce/warten/german
warum,https://youglish.com/pronounce/warum/german
was,https://youglish.com/pronounce/was/german
die Wäsche (kein Pl.),https://youglish.com/pronounce/Wäsche/german
"waschen (sich) | wäscht, wusch, hat gewaschen",https://youglish.com/pronounce/waschen/german
das Wasser (kein Pl.),https://youglish.com/pronounce/Wasser/german
"die Webseite, -n",https://youglish.com/pronounce/Webseite/german
wechseln,https://youglish.com/pronounce/wechseln/german
wecken,https://youglish.com/pronounce/wecken/german
weg / weg-,https://youglish.com/pronounce/weg/german
"der Weg, -e",https://youglish.com/pronounce/Weg/german
wegen (+ Gen./Dat.),https://youglish.com/pronounce/wegen/german
"wehtun | tut weh, tat weh, hat wehgetan",https://youglish.com/pronounce/wehtun/german
weiblich,https://youglish.com/pronounce/weiblich/german
weich,https://youglish.com/pronounce/weich/german
weil,https://youglish.com/pronounce/weil/german
"der Wein, -e",https://youglish.com/pronounce/Wein/german
weinen,https://youglish.com/pronounce/weinen/german
"weit (weiter, am weitesten)",https://youglish.com/pronounce/weit/german
weiter / weiter-,https://youglish.com/pronounce/weiter/german
"welcher, -e, -es",https://youglish.com/pronounce/welcher/german
"die Welt, -en",https://youglish.com/pronounce/Welt/german
"wenig (weniger, am wenigsten)",https://youglish.com/pronounce/wenig/german
wenigstens,https://youglish.com/pronounce/wenigstens/german
wenn,https://youglish.com/pronounce/wenn/german
"wer (wen, wem)",https://youglish.com/pronounce/wer/german
"werden | wird, wurde, ist geworden",https://youglish.com/pronounce/werden/german
"die Werkstatt, -en",https://youglish.com/pronounce/Werkstatt/german
"der Wettbewerb, -e",https://youglish.com/pronounce/Wettbewerb/german
das Wetter (kein Pl.),https://youglish.com/pronounce/Wetter/german
wichtig,https://youglish.com/pronounce/wichtig/german
wie,https://youglish.com/pronounce/wie/german
"wie viel, -e",https://youglish.com/pronounce/wie%20viel/german
wieder,https://youglish.com/pronounce/wieder/german
wiederholen,https://youglish.com/pronounce/wiederholen/german
das Wiederhören (kein Pl.),https://youglish.com/pronounce/Wiederhören/german
das Wiedersehen (kein Pl.),https://youglish.com/pronounce/Wiedersehen/german
willkommen,https://youglish.com/pronounce/willkommen/german
"der Wind, -e",https://youglish.com/pronounce/Wind/german
windig,https://youglish.com/pronounce/windig/german
wirklich,https://youglish.com/pronounce/wirklich/german
"wissen | weiß, wusste, hat gewusst",https://youglish.com/pronounce/wissen/german
"der Witz, -e",https://youglish.com/pronounce/Witz/german
witzig,https://youglish.com/pronounce/witzig/german
wo,https://youglish.com/pronounce/wo/german
woher,https://youglish.com/pronounce/woher/german
wohin,https://youglish.com/pronounce/wohin/german
wohnen,https://youglish.com/pronounce/wohnen/german
"die Wohnung, -en",https://youglish.com/pronounce/Wohnung/german
"das Wohnzimmer, -",https://youglish.com/pronounce/Wohnzimmer/german
"die Wolke, -n",https://youglish.com/pronounce/Wolke/german
"wollen | will, wollte, hat gewollt",https://youglish.com/pronounce/wollen/german
"der Workshop, -s",https://youglish.com/pronounce/Workshop/german
"das Wort, -er",https://youglish.com/pronounce/Wort/german
wunderbar,https://youglish.com/pronounce/wunderbar/german
"der Wunsch, -e",https://youglish.com/pronounce/Wunsch/german
wünschen (sich),https://youglish.com/pronounce/wünschen/german
"die Wurst, -e",https://youglish.com/pronounce/Wurst/german
"die Zahl, -en",https://youglish.com/pronounce/Zahl/german
zahlen für (+ Akk.),https://youglish.com/pronounce/zahlen/german
"der Zahn, -e",https://youglish.com/pronounce/Zahn/german
zeichnen,https://youglish.com/pronounce/zeichnen/german
zeigen,https://youglish.com/pronounce/zeigen/german
"die Zeit, -en",https://youglish.com/pronounce/Zeit/german
"die Zeitschrift, -en",https://youglish.com/pronounce/Zeitschrift/german
"die Zeitung, -en",https://youglish.com/pronounce/Zeitung/german
"das Zelt, -e",https://youglish.com/pronounce/Zelt/german
"das Zentrum, Zentren",https://youglish.com/pronounce/Zentrum/german
"der Zettel, -",https://youglish.com/pronounce/Zettel/german
"das Zeugnis, -se",https://youglish.com/pronounce/Zeugnis/german
"anziehen | zieht an, zog an, hat angezogen",https://youglish.com/pronounce/anziehen/german
"ausziehen | zieht aus, zog aus, ist/hat ausgezogen",https://youghen/german
"ausziehen | zieht aus, zog aus, ist/hat ausgezogen",https://youglish.com/pronounce/ausziehen/german
"das Ziel, -e",https://youglish.com/pronounce/Ziel/german
"das Zimmer, -",https://youglish.com/pronounce/Zimmer/german
"der Zirkus, -se",https://youglish.com/pronounce/Zirkus/german
"die Zitrone, -n",https://youglish.com/pronounce/Zitrone/german
"der Zoo, -s",https://youglish.com/pronounce/Zoo/german
zu (+ Dat.),https://youglish.com/pronounce/zu/german
der Zucker (kein Pl.),https://youglish.com/pronounce/Zucker/german
zuerst,https://youglish.com/pronounce/zuerst/german
zufrieden mit (+ Dat.),https://youglish.com/pronounce/zufrieden/german
"der Zug, -e",https://youglish.com/pronounce/Zug/german
zuhören (+ Dat.),https://youglish.com/pronounce/zuhören/german
zuletzt,https://youglish.com/pronounce/zuletzt/german
zum Beispiel,https://youglish.com/pronounce/Beispiel/german
zumachen,https://youglish.com/pronounce/zumachen/german
zurück / zurück-,https://youglish.com/pronounce/zurück/german
zusammen,https://youglish.com/pronounce/zusammen/german
zwischen (+ Dat./Akk.),https://youglish.com/pronounce/zwischen/german